{
	"description": "Перед тем как проходить анкету, предлагаем прочитать этот ресурс",
	"questions": [
		{
			"question": "В каком году появилась первый релиз Kotlin?",
			"description": "Введите год",
			"type": 0,
			"isDefault": false,
            "time": 40,
			"statements": {
				"type": 2,
				"statements": [
					"2016"
				]
			},
			"truth": [0],
			"icon": {},
			"cost": 4.0
		},
		{
			"question": "Какие основные понятия входят в ООП?",
			"description": "необходимо выбрать один или несколько вариантов",
			"type": 0,
			"statements": {
				"type": 1,
				"isRandom": true,
				"statements": [
					"Абстракция", "Полиморфизм", "Наследование", "Операторы", "Функции", "Инкапсуляция"
				]
			},
			"truth": [1, 2, 5],
			"icon": {},
			"cost": 4.0
		},
		{
			"question": "Что называют переменной?",
			"description": "необходимо выбрать один ответ",
			"type": 0,
			"statements": {
				"type": 0,
				"statements": [
					"Поименованная, либо адресуемая иным способом область памяти, адрес которой можно использовать для осуществления доступа к данным.", 
					"Наименьшая автономная часть языка программирования; команда или набор команд. Программа обычно представляет собой последовательность инструкций.",
					"Фрагмент программного кода (подпрограмма), к которому можно обратиться из другого места программы.",
					"Аргумент операции."
					]
			},
			"truth": [0],
			"icon": {
				"isInSd": true,
				"path": "programming.png",
				"type": 0
			},
			"cost": 1.0
		},
		{
			"question": "Kotlin поддерживает статическую типизацию?",
			"description": "необходимо выбрать один ответ",
			"type": 0,
			"statements": {
				"type": 0,
				"statements": ["да", "нет"]
			},
			"truth": [0],
			"icon": "",
			"cost": 1.0
		},
		{
			"question": "В чем отличие val от var?",
			"description": "необходимо выбрать один ответ",
			"type": 0,
			"statements": {
				"type": 0,
				"statements": [
					"val - для ссылочных перменных, var - для примитивных.",
					"val - для изменяемых ссылок перменных, var - для неизменяемых",
					"val - для неизменяемых ссылок перменных, var - для изменяемых.",
					"нет особой разницы"
				]
			},
			"truth": [2],
			"icon": "",
			"cost": 1.5
		},
		{
			"question": "что из себя представляет оператор инкремент?",
			"description": "необходимо выбрать один ответ",
			"type": 0,
			"statements": {
				"type": 0,
				"statements": [
					"Уменьшает число на 1.",
					"Увеличивает число на 1.", 
					"Возводит число в квадрат.",
					"Возводит число в корень."
				]
			},
			"truth": [1],
			"icon": "",
			"cost": 1.5
		},
		{
			"question": "Что дает оператор <<%>>?",
			"description": "необходимо выбрать один ответ",
			"type": 0,
			"statements": {
				"type": 0,
				"statements": [
					"Частное от двух чисел, возможно дробное.", 
					"Степень из выражения логарифма.",
					"Целочисленное частное от двух чисел",
					"Остаток от деления двух чисел."
				]
			},
			"truth": [3],
			"icon": "",
			"cost": 2.0
		},
		{
			"question": "Какая функция считается главной и с каторой начинается основная работа программы?",
			"description": "необходимо выбрать один ответ",
			"type": 0,
			"statements": {
				"type": 0,
				"statements": [
					"fun()", "brain()", "function()", "main()"
				]
			},
			"truth": [3],
			"icon": "",
			"cost": 2.0
		}
	],
	"resources": [
		{
			"isInSd": false,
			"path": "http://google.com",
			"type": 3
		},
		{
			"isInSd": false,
			"path": "http://vk.com",
			"type": 3
		},
		{
			"isInSd": true,
			"path": "MathCalculator.kt",
			"type": 1
		}
	],
	"settings": {},
	"analytics": {
		"marks": [5, 4, 3, 2],
		"points": [9, 7, 5, 0]
	}
}