{
    "isLogIn": false,
    "theme": "lightTheme",
    "game": [
        [true, false, false, false, false, false, false, false, false, false],
        [false, false, false, false, false, false, false, false, false, false],
        [false, false, false, false, false, false, false, false, false, false],
        [false, false, false, false, false, false, false, false, false, false],
        [false, false, false, false, false, false, false, false, false, false],
        [false, false, false, false, false, false, false, false, false, false],
        [false, false, false, false, false, false, false, false, false, false],
        [false, false, false, false, false, false, false, false, false, false],
        [false, false, false, false, false, false, false, false, false, false],
        [false, false, false, false, false, false, false, false, false, false]
    ],
    "questions": [],
    "settings": {
        "login": "user",
        "icon": {
            "isInSd": true,
            "path": "programming.png",
            "type": 0
        },
        "userID": -1
    },
    "dataPrivacy": {
        "email": "",
        "password": "",
        "phone": "",
        "userID": -1
    },
    "analytics": []
}